Name,Prompt,Mean IoU,Mean F1,epoch
base,box,0.6618,0.7849,0

base,box,,,5
base,box,,,5
base,point,0.0348,0.1309,0.01069280318915844
base,point,0.0348,0.1309,0.01069280318915844
base,point,0.0255,0.0888,0.009312523528933525
base,point,0.0255,0.0888,0.009312523528933525
